-- MySQL dump 10.13  Distrib 8.0.16, for Win64 (x86_64)
--
-- Host: localhost    Database: team8
-- ------------------------------------------------------
-- Server version	8.0.16

/*!40101 SET @OLD_CHARACTER_SET_CLIENT=@@CHARACTER_SET_CLIENT */;
/*!40101 SET @OLD_CHARACTER_SET_RESULTS=@@CHARACTER_SET_RESULTS */;
/*!40101 SET @OLD_COLLATION_CONNECTION=@@COLLATION_CONNECTION */;
 SET NAMES utf8 ;
/*!40103 SET @OLD_TIME_ZONE=@@TIME_ZONE */;
/*!40103 SET TIME_ZONE='+00:00' */;
/*!40014 SET @OLD_UNIQUE_CHECKS=@@UNIQUE_CHECKS, UNIQUE_CHECKS=0 */;
/*!40014 SET @OLD_FOREIGN_KEY_CHECKS=@@FOREIGN_KEY_CHECKS, FOREIGN_KEY_CHECKS=0 */;
/*!40101 SET @OLD_SQL_MODE=@@SQL_MODE, SQL_MODE='NO_AUTO_VALUE_ON_ZERO' */;
/*!40111 SET @OLD_SQL_NOTES=@@SQL_NOTES, SQL_NOTES=0 */;

DROP SCHEMA IF EXISTS `Team8` ;

CREATE SCHEMA IF NOT EXISTS `Team8` ;
USE `Team8` ;

--
-- Table structure for table `admin`
--

DROP TABLE IF EXISTS `admin`;
/*!40101 SET @saved_cs_client     = @@character_set_client */;
 SET character_set_client = utf8mb4 ;
CREATE TABLE `admin` (
  `username` varchar(50) NOT NULL,
  PRIMARY KEY (`username`),
  CONSTRAINT `fk5` FOREIGN KEY (`username`) REFERENCES `employee` (`username`) ON DELETE CASCADE ON UPDATE CASCADE
) ENGINE=InnoDB DEFAULT CHARSET=utf8mb4 COLLATE=utf8mb4_0900_ai_ci;
/*!40101 SET character_set_client = @saved_cs_client */;

--
-- Dumping data for table `admin`
--

LOCK TABLES `admin` WRITE;
/*!40000 ALTER TABLE `admin` DISABLE KEYS */;
INSERT INTO `admin` VALUES ('cool_class4400');
/*!40000 ALTER TABLE `admin` ENABLE KEYS */;
UNLOCK TABLES;

--
-- Table structure for table `company`
--

DROP TABLE IF EXISTS `company`;
/*!40101 SET @saved_cs_client     = @@character_set_client */;
 SET character_set_client = utf8mb4 ;
CREATE TABLE `company` (
  `comName` varchar(50) NOT NULL,
  PRIMARY KEY (`comName`)
) ENGINE=InnoDB DEFAULT CHARSET=utf8mb4 COLLATE=utf8mb4_0900_ai_ci;
/*!40101 SET character_set_client = @saved_cs_client */;

--
-- Dumping data for table `company`
--

LOCK TABLES `company` WRITE;
/*!40000 ALTER TABLE `company` DISABLE KEYS */;
INSERT INTO `company` VALUES ('4400 Theater Company'),('AI Theater Company'),('Awesome Theater Company'),('EZ Theater Company');
/*!40000 ALTER TABLE `company` ENABLE KEYS */;
UNLOCK TABLES;

--
-- Table structure for table `customer`
--

DROP TABLE IF EXISTS `customer`;
/*!40101 SET @saved_cs_client     = @@character_set_client */;
 SET character_set_client = utf8mb4 ;
CREATE TABLE `customer` (
  `username` varchar(50) NOT NULL,
  PRIMARY KEY (`username`),
  CONSTRAINT `fk1` FOREIGN KEY (`username`) REFERENCES `user` (`username`) ON DELETE CASCADE ON UPDATE CASCADE
) ENGINE=InnoDB DEFAULT CHARSET=utf8mb4 COLLATE=utf8mb4_0900_ai_ci;
/*!40101 SET character_set_client = @saved_cs_client */;

--
-- Dumping data for table `customer`
--

LOCK TABLES `customer` WRITE;
/*!40000 ALTER TABLE `customer` DISABLE KEYS */;
INSERT INTO `customer` VALUES ('calcultron'),('calcultron2'),('calcwizard'),('clarinetbeast'),('cool_class4400'),('DNAhelix'),('does2Much'),('eeqmcsquare'),('entropyRox'),('fullMetal'),('georgep'),('ilikemoney$$'),('imready'),('isthisthekrustykrab'),('notFullMetal'),('programerAAL'),('RitzLover28'),('thePiGuy3.14'),('theScienceGuy');
/*!40000 ALTER TABLE `customer` ENABLE KEYS */;
UNLOCK TABLES;

--
-- Table structure for table `customercreditcard`
--

DROP TABLE IF EXISTS `customercreditcard`;
/*!40101 SET @saved_cs_client     = @@character_set_client */;
 SET character_set_client = utf8mb4 ;
CREATE TABLE `customercreditcard` (
  `creditCardNum` char(16) NOT NULL,
  `username` varchar(50) NOT NULL,
  PRIMARY KEY (`creditCardNum`),
  KEY `fk6_idx` (`username`),
  CONSTRAINT `fk6` FOREIGN KEY (`username`) REFERENCES `customer` (`username`) ON DELETE CASCADE ON UPDATE CASCADE
) ENGINE=InnoDB DEFAULT CHARSET=utf8mb4 COLLATE=utf8mb4_0900_ai_ci;
/*!40101 SET character_set_client = @saved_cs_client */;

--
-- Dumping data for table `customercreditcard`
--

LOCK TABLES `customercreditcard` WRITE;
/*!40000 ALTER TABLE `customercreditcard` DISABLE KEYS */;
INSERT INTO `customercreditcard` VALUES ('1111111111000000','calcultron'),('1111111100000000','calcultron2'),('1111111110000000','calcultron2'),('1111111111100000','calcwizard'),('2222222222000000','cool_class4400'),('2220000000000000','DNAhelix'),('2222222200000000','does2Much'),('2222222222222200','eeqmcsquare'),('2222222222200000','entropyRox'),('2222222222220000','entropyRox'),('1100000000000000','fullMetal'),('1111111111110000','georgep'),('1111111111111000','georgep'),('1111111111111100','georgep'),('1111111111111110','georgep'),('1111111111111111','georgep'),('2222222222222220','ilikemoney$$'),('2222222222222222','ilikemoney$$'),('9000000000000000','ilikemoney$$'),('1111110000000000','imready'),('1110000000000000','isthisthekrustykrab'),('1111000000000000','isthisthekrustykrab'),('1111100000000000','isthisthekrustykrab'),('1000000000000000','notFullMetal'),('2222222000000000','programerAAL'),('3333333333333300','RitzLover28'),('2222222220000000','thePiGuy3.14'),('2222222222222000','theScienceGuy');
/*!40000 ALTER TABLE `customercreditcard` ENABLE KEYS */;
UNLOCK TABLES;

--
-- Table structure for table `customerviewmovie`
--

DROP TABLE IF EXISTS `customerviewmovie`;
/*!40101 SET @saved_cs_client     = @@character_set_client */;
 SET character_set_client = utf8mb4 ;
CREATE TABLE `customerviewmovie` (
  `creditCardNum` char(16) NOT NULL,
  `thName` varchar(50) NOT NULL,
  `comName` varchar(50) NOT NULL,
  `movName` varchar(50) NOT NULL,
  `movReleaseDate` date NOT NULL,
  `movPlayDate` date NOT NULL,
  PRIMARY KEY (`creditCardNum`,`thName`,`comName`,`movName`,`movReleaseDate`,`movPlayDate`),
  KEY `fk10` (`thName`,`comName`,`movName`,`movReleaseDate`,`movPlayDate`),
  KEY `fk10_idx` (`movReleaseDate`,`movName`,`movPlayDate`,`thName`,`comName`),
  CONSTRAINT `fk10` FOREIGN KEY (`thName`, `comName`, `movName`, `movReleaseDate`, `movPlayDate`) REFERENCES `movieplay` (`thName`, `comName`, `movName`, `movReleaseDate`, `movPlayDate`) ON DELETE CASCADE ON UPDATE CASCADE,
  CONSTRAINT `fk14` FOREIGN KEY (`creditCardNum`) REFERENCES `customercreditcard` (`creditCardNum`) ON DELETE CASCADE ON UPDATE CASCADE
) ENGINE=InnoDB DEFAULT CHARSET=utf8mb4 COLLATE=utf8mb4_0900_ai_ci;
/*!40101 SET character_set_client = @saved_cs_client */;

--
-- Dumping data for table `customerviewmovie`
--

LOCK TABLES `customerviewmovie` WRITE;
/*!40000 ALTER TABLE `customerviewmovie` DISABLE KEYS */;
INSERT INTO `customerviewmovie` VALUES ('1111111111111111','Cinema Star','4400 Theater Company','How to Train Your Dragon','2010-03-21','2010-04-02'),('1111111111111111','Main Movies','EZ Theater Company','How to Train Your Dragon','2010-03-21','2010-03-22'),('1111111111111111','Main Movies','EZ Theater Company','How to Train Your Dragon','2010-03-21','2010-03-23'),('1111111111111100','Star Movies','EZ Theater Company','How to Train Your Dragon','2010-03-21','2010-03-25');
/*!40000 ALTER TABLE `customerviewmovie` ENABLE KEYS */;
UNLOCK TABLES;

--
-- Table structure for table `employee`
--

DROP TABLE IF EXISTS `employee`;
/*!40101 SET @saved_cs_client     = @@character_set_client */;
 SET character_set_client = utf8mb4 ;
CREATE TABLE `employee` (
  `username` varchar(50) NOT NULL,
  PRIMARY KEY (`username`),
  CONSTRAINT `fk2` FOREIGN KEY (`username`) REFERENCES `user` (`username`) ON DELETE CASCADE ON UPDATE CASCADE
) ENGINE=InnoDB DEFAULT CHARSET=utf8mb4 COLLATE=utf8mb4_0900_ai_ci;
/*!40101 SET character_set_client = @saved_cs_client */;

--
-- Dumping data for table `employee`
--

LOCK TABLES `employee` WRITE;
/*!40000 ALTER TABLE `employee` DISABLE KEYS */;
INSERT INTO `employee` VALUES ('calcultron'),('cool_class4400'),('entropyRox'),('fatherAI'),('georgep'),('ghcghc'),('imbatman'),('manager1'),('manager2'),('manager3'),('manager4'),('radioactivePoRa');
/*!40000 ALTER TABLE `employee` ENABLE KEYS */;
UNLOCK TABLES;

--
-- Table structure for table `manager`
--

DROP TABLE IF EXISTS `manager`;
/*!40101 SET @saved_cs_client     = @@character_set_client */;
 SET character_set_client = utf8mb4 ;
CREATE TABLE `manager` (
  `username` varchar(50) NOT NULL,
  `comName` varchar(50) NOT NULL,
  `manStreet` varchar(50) NOT NULL,
  `manCity` varchar(50) NOT NULL,
  `manState` char(3) NOT NULL,
  `manZipcode` char(5) NOT NULL,
  PRIMARY KEY (`username`),
  UNIQUE KEY `address_UNIQUE` (`manStreet`,`manCity`,`manState`,`manZipcode`),
  KEY `fk4_idx` (`comName`),
  CONSTRAINT `fk3` FOREIGN KEY (`username`) REFERENCES `employee` (`username`) ON DELETE CASCADE ON UPDATE CASCADE,
  CONSTRAINT `fk4` FOREIGN KEY (`comName`) REFERENCES `company` (`comName`) ON DELETE CASCADE ON UPDATE CASCADE
) ENGINE=InnoDB DEFAULT CHARSET=utf8mb4 COLLATE=utf8mb4_0900_ai_ci;
/*!40101 SET character_set_client = @saved_cs_client */;

--
-- Dumping data for table `manager`
--

LOCK TABLES `manager` WRITE;
/*!40000 ALTER TABLE `manager` DISABLE KEYS */;
INSERT INTO `manager` VALUES ('calcultron','EZ Theater Company','123 Peachtree St','Atlanta','GA','30308'),('entropyRox','4400 Theater Company','200 Cool Place','San Francisco','CA','94016'),('fatherAI','EZ Theater Company','456 Main St','New York','NY','10001'),('georgep','4400 Theater Company','10 Pearl Dr','Seattle','WA','98105'),('ghcghc','AI Theater Company','100 Pi St','Pallet Town','KS','31415'),('imbatman','Awesome Theater Company','800 Color Dr','Austin','TX','78653'),('manager1','4400 Theater Company','123 Ferst Drive','Atlanta','GA','30332'),('manager2','AI Theater Company','456 Ferst Drive','Atlanta','GA','30332'),('manager3','4400 Theater Company','789 Ferst Drive','Atlanta','GA','30332'),('manager4','4400 Theater Company','000 Ferst Drive','Atlanta','GA','30332'),('radioactivePoRa','4400 Theater Company','100 Blu St','Sunnyvale','CA','94088');
/*!40000 ALTER TABLE `manager` ENABLE KEYS */;
UNLOCK TABLES;

--
-- Table structure for table `movie`
--

DROP TABLE IF EXISTS `movie`;
/*!40101 SET @saved_cs_client     = @@character_set_client */;
 SET character_set_client = utf8mb4 ;
CREATE TABLE `movie` (
  `movName` varchar(50) NOT NULL,
  `movReleaseDate` date NOT NULL,
  `duration` int(11) NOT NULL,
  PRIMARY KEY (`movName`,`movReleaseDate`)
) ENGINE=InnoDB DEFAULT CHARSET=utf8mb4 COLLATE=utf8mb4_0900_ai_ci;
/*!40101 SET character_set_client = @saved_cs_client */;

--
-- Dumping data for table `movie`
--

LOCK TABLES `movie` WRITE;
/*!40000 ALTER TABLE `movie` DISABLE KEYS */;
INSERT INTO `movie` VALUES ('4400 The Movie','2019-08-12',130),('Avengers: Endgame','2019-04-26',181),('Calculus Returns: A ML Story','2019-09-19',314),('George P Burdell\'s Life Story','1927-08-12',100),('Georgia Tech The Movie','1985-08-13',100),('How to Train Your Dragon','2010-03-21',98),('Spaceballs','1987-06-24',96),('Spider-Man: Into the Spider-Verse','2018-12-01',117),('The First Pokemon Movie','1998-07-19',75),('The King\'s Speech','2010-11-26',119);
/*!40000 ALTER TABLE `movie` ENABLE KEYS */;
UNLOCK TABLES;

--
-- Table structure for table `movieplay`
--

DROP TABLE IF EXISTS `movieplay`;
/*!40101 SET @saved_cs_client     = @@character_set_client */;
 SET character_set_client = utf8mb4 ;
CREATE TABLE `movieplay` (
  `thName` varchar(50) NOT NULL,
  `comName` varchar(50) NOT NULL,
  `movName` varchar(50) NOT NULL,
  `movReleaseDate` date NOT NULL,
  `movPlayDate` date NOT NULL,
  PRIMARY KEY (`thName`,`comName`,`movName`,`movReleaseDate`,`movPlayDate`),
  KEY `fk7_idx` (`movName`,`movReleaseDate`),
  KEY `fk8_idx` (`thName`,`comName`),
  CONSTRAINT `fk7` FOREIGN KEY (`movName`, `movReleaseDate`) REFERENCES `movie` (`movName`, `movReleaseDate`) ON DELETE CASCADE ON UPDATE CASCADE,
  CONSTRAINT `fk8` FOREIGN KEY (`thName`, `comName`) REFERENCES `theater` (`thName`, `comName`) ON DELETE CASCADE ON UPDATE CASCADE
) ENGINE=InnoDB DEFAULT CHARSET=utf8mb4 COLLATE=utf8mb4_0900_ai_ci;
/*!40101 SET character_set_client = @saved_cs_client */;

--
-- Dumping data for table `movieplay`
--

LOCK TABLES `movieplay` WRITE;
/*!40000 ALTER TABLE `movieplay` DISABLE KEYS */;
INSERT INTO `movieplay` VALUES ('ABC Theater','Awesome Theater Company','4400 The Movie','2019-08-12','2019-10-12'),('Cinema Star','4400 Theater Company','4400 The Movie','2019-08-12','2019-09-12'),('Star Movies','EZ Theater Company','4400 The Movie','2019-08-12','2019-08-12'),('ML Movies','AI Theater Company','Calculus Returns: A ML Story','2019-09-19','2019-10-10'),('ML Movies','AI Theater Company','Calculus Returns: A ML Story','2019-09-19','2019-12-30'),('Cinema Star','4400 Theater Company','George P Burdell\'s Life Story','1927-08-12','2010-05-20'),('Main Movies','EZ Theater Company','George P Burdell\'s Life Story','1927-08-12','2019-07-14'),('Main Movies','EZ Theater Company','George P Burdell\'s Life Story','1927-08-12','2019-10-22'),('ABC Theater','Awesome Theater Company','Georgia Tech The Movie','1985-08-13','1985-08-13'),('Cinema Star','4400 Theater Company','Georgia Tech The Movie','1985-08-13','2019-09-30'),('Cinema Star','4400 Theater Company','How to Train Your Dragon','2010-03-21','2010-04-02'),('Main Movies','EZ Theater Company','How to Train Your Dragon','2010-03-21','2010-03-22'),('Main Movies','EZ Theater Company','How to Train Your Dragon','2010-03-21','2010-03-23'),('Star Movies','EZ Theater Company','How to Train Your Dragon','2010-03-21','2010-03-25'),('Cinema Star','4400 Theater Company','Spaceballs','1987-06-24','2000-02-02'),('Main Movies','EZ Theater Company','Spaceballs','1987-06-24','1999-06-24'),('ML Movies','AI Theater Company','Spaceballs','1987-06-24','2010-04-02'),('ML Movies','AI Theater Company','Spaceballs','1987-06-24','2023-01-23'),('ML Movies','AI Theater Company','Spider-Man: Into the Spider-Verse','2018-12-01','2019-09-30'),('ABC Theater','Awesome Theater Company','The First Pokemon Movie','1998-07-19','2018-07-19'),('Cinema Star','4400 Theater Company','The King\'s Speech','2010-11-26','2019-12-20'),('Main Movies','EZ Theater Company','The King\'s Speech','2010-11-26','2019-12-20');
/*!40000 ALTER TABLE `movieplay` ENABLE KEYS */;
UNLOCK TABLES;

--
-- Table structure for table `theater`
--

DROP TABLE IF EXISTS `theater`;
/*!40101 SET @saved_cs_client     = @@character_set_client */;
 SET character_set_client = utf8mb4 ;
CREATE TABLE `theater` (
  `thName` varchar(50) NOT NULL,
  `comName` varchar(50) NOT NULL,
  `capacity` int(11) NOT NULL,
  `thStreet` varchar(50) NOT NULL,
  `thCity` varchar(50) NOT NULL,
  `thState` char(3) NOT NULL,
  `thZipcode` char(5) NOT NULL,
  `manUsername` varchar(50) NOT NULL,
  PRIMARY KEY (`thName`,`comName`),
  UNIQUE KEY `manUsername_UNIQUE` (`manUsername`),
  KEY `fk13_idx` (`manUsername`),
  KEY `fk9_idx` (`comName`),
  CONSTRAINT `fk13` FOREIGN KEY (`manUsername`) REFERENCES `manager` (`username`) ON DELETE RESTRICT ON UPDATE CASCADE,
  CONSTRAINT `fk9` FOREIGN KEY (`comName`) REFERENCES `company` (`comName`) ON DELETE CASCADE ON UPDATE CASCADE
) ENGINE=InnoDB DEFAULT CHARSET=utf8mb4 COLLATE=utf8mb4_0900_ai_ci;
/*!40101 SET character_set_client = @saved_cs_client */;

--
-- Dumping data for table `theater`
--

LOCK TABLES `theater` WRITE;
/*!40000 ALTER TABLE `theater` DISABLE KEYS */;
INSERT INTO `theater` VALUES ('ABC Theater','Awesome Theater Company',5,'880 Color Dr','Austin','TX','73301','imbatman'),('Cinema Star','4400 Theater Company',4,'100 Cool Place','San Francisco','CA','94016','entropyRox'),('Jonathan\'s Movies','4400 Theater Company',2,'67 Pearl Dr','Seattle','WA','98101','georgep'),('Main Movies','EZ Theater Company',3,'123 Main St','New York','NY','10001','fatherAI'),('ML Movies','AI Theater Company',3,'314 Pi St','Pallet Town','KS','31415','ghcghc'),('Star Movies','4400 Theater Company',5,'4400 Rocks Ave','Boulder','CA','80301','radioactivePoRa'),('Star Movies','EZ Theater Company',2,'745 GT St','Atlanta','GA','30332','calcultron');
/*!40000 ALTER TABLE `theater` ENABLE KEYS */;
UNLOCK TABLES;

--
-- Table structure for table `user`
--

DROP TABLE IF EXISTS `user`;
/*!40101 SET @saved_cs_client     = @@character_set_client */;
 SET character_set_client = utf8mb4 ;
CREATE TABLE `user` (
  `username` varchar(50) NOT NULL,
  `status` enum('Pending','Declined','Approved') NOT NULL DEFAULT 'Pending',
  `password` varchar(50) NOT NULL,
  `firstname` varchar(50) NOT NULL,
  `lastname` varchar(50) NOT NULL,
  PRIMARY KEY (`username`)
) ENGINE=InnoDB DEFAULT CHARSET=utf8mb4 COLLATE=utf8mb4_0900_ai_ci;
/*!40101 SET character_set_client = @saved_cs_client */;

--
-- Dumping data for table `user`
--

LOCK TABLES `user` WRITE;
/*!40000 ALTER TABLE `user` DISABLE KEYS */;
INSERT INTO `user` VALUES ('calcultron','Approved','77c9749b451ab8c713c48037ddfbb2c4','Dwight','Schrute'),('calcultron2','Approved','8792b8cf71d27dc96173b2ac79b96e0d','Jim','Halpert'),('calcwizard','Approved','0d777e9e30b918e9034ab610712c90cf','Issac','Newton'),('clarinetbeast','Declined','c8c605999f3d8352d7bb792cf3fdb25b','Squidward','Tentacles'),('cool_class4400','Approved','77c9749b451ab8c713c48037ddfbb2c4','A. TA','Washere'),('DNAhelix','Approved','ca94efe2a58c27168edf3d35102dbb6d','Rosalind','Franklin'),('does2Much','Approved','00cedcf91beffa9ee69f6cfe23a4602d','Carl','Gauss'),('eeqmcsquare','Approved','7c5858f7fcf63ec268f42565be3abb95','Albert','Einstein'),('entropyRox','Approved','c8c605999f3d8352d7bb792cf3fdb25b','Claude','Shannon'),('fatherAI','Approved','0d777e9e30b918e9034ab610712c90cf','Alan','Turing'),('fullMetal','Approved','d009d70ae4164e8989725e828db8c7c2','Edward','Elric'),('gdanger','Declined','3665a76e271ada5a75368b99f774e404','Gary','Danger'),('georgep','Approved','bbb8aae57c104cda40c93843ad5e6db8','George P.','Burdell'),('ghcghc','Approved','9f0863dd5f0256b0f586a7b523f8cfe8','Grace','Hopper'),('ilikemoney$$','Approved','7c5858f7fcf63ec268f42565be3abb95','Eugene','Krabs'),('imbatman','Approved','9f0863dd5f0256b0f586a7b523f8cfe8','Bruce','Wayne'),('imready','Approved','ca94efe2a58c27168edf3d35102dbb6d','Spongebob','Squarepants'),('isthisthekrustykrab','Approved','134fb0bf3bdd54ee9098f4cbc4351b9a','Patrick','Star'),('manager1','Approved','e58cce4fab03d2aea056398750dee16b','Manager','One'),('manager2','Approved','ba9485f02fc98cdbd2edadb0aa8f6390','Manager','Two'),('manager3','Approved','6e4fb18b49aa3219bef65195dac7be8c','Three','Three'),('manager4','Approved','d61dfee83aa2a6f9e32f268d60e789f5','Four','Four'),('notFullMetal','Approved','d009d70ae4164e8989725e828db8c7c2','Alphonse','Elric'),('programerAAL','Approved','ba9485f02fc98cdbd2edadb0aa8f6390','Ada','Lovelace'),('radioactivePoRa','Approved','e5d4b739db1226088177e6f8b70c3a6f','Marie','Curie'),('RitzLover28','Approved','8792b8cf71d27dc96173b2ac79b96e0d','Abby','Normal'),('smith_j','Pending','77c9749b451ab8c713c48037ddfbb2c4','John','Smith'),('texasStarKarate','Declined','7c5858f7fcf63ec268f42565be3abb95','Sandy','Cheeks'),('thePiGuy3.14','Approved','e11170b8cbd2d74102651cb967fa28e5','Archimedes','Syracuse'),('theScienceGuy','Approved','c8c605999f3d8352d7bb792cf3fdb25b','Bill','Nye');
/*!40000 ALTER TABLE `user` ENABLE KEYS */;
UNLOCK TABLES;

--
-- Table structure for table `uservisittheater`
--

DROP TABLE IF EXISTS `uservisittheater`;
/*!40101 SET @saved_cs_client     = @@character_set_client */;
 SET character_set_client = utf8mb4 ;
CREATE TABLE `uservisittheater` (
  `visitID` int(11) NOT NULL AUTO_INCREMENT,
  `username` varchar(50) NOT NULL,
  `thName` varchar(50) NOT NULL,
  `comName` varchar(50) NOT NULL,
  `visitDate` date NOT NULL,
  PRIMARY KEY (`visitID`),
  KEY `fk11_idx` (`thName`,`comName`),
  KEY `fk12_idx` (`username`),
  CONSTRAINT `fk11` FOREIGN KEY (`thName`, `comName`) REFERENCES `theater` (`thName`, `comName`) ON DELETE CASCADE ON UPDATE CASCADE,
  CONSTRAINT `fk12` FOREIGN KEY (`username`) REFERENCES `user` (`username`) ON DELETE CASCADE ON UPDATE CASCADE
) ENGINE=InnoDB AUTO_INCREMENT=6 DEFAULT CHARSET=utf8mb4 COLLATE=utf8mb4_0900_ai_ci;
/*!40101 SET character_set_client = @saved_cs_client */;

--
-- Dumping data for table `uservisittheater`
--

LOCK TABLES `uservisittheater` WRITE;
/*!40000 ALTER TABLE `uservisittheater` DISABLE KEYS */;
INSERT INTO `uservisittheater` VALUES (1,'georgep','Main Movies','EZ Theater Company','2010-03-22'),(2,'calcwizard','Main Movies','EZ Theater Company','2010-03-22'),(3,'calcwizard','Star Movies','EZ Theater Company','2010-03-25'),(4,'imready','Star Movies','EZ Theater Company','2010-03-25'),(5,'calcwizard','ML Movies','AI Theater Company','2010-03-20');
/*!40000 ALTER TABLE `uservisittheater` ENABLE KEYS */;
UNLOCK TABLES;

--
-- Dumping events for database 'team8'
--

--
-- Dumping routines for database 'team8'
--
/*!50003 DROP PROCEDURE IF EXISTS `admin_approve_user` */;
/*!50003 SET @saved_cs_client      = @@character_set_client */ ;
/*!50003 SET @saved_cs_results     = @@character_set_results */ ;
/*!50003 SET @saved_col_connection = @@collation_connection */ ;
/*!50003 SET character_set_client  = gbk */ ;
/*!50003 SET character_set_results = gbk */ ;
/*!50003 SET collation_connection  = gbk_chinese_ci */ ;
/*!50003 SET @saved_sql_mode       = @@sql_mode */ ;
/*!50003 SET sql_mode              = 'STRICT_TRANS_TABLES,NO_ENGINE_SUBSTITUTION' */ ;
DELIMITER ;;
CREATE DEFINER=`root`@`localhost` PROCEDURE `admin_approve_user`(IN i_username VARCHAR(50))
BEGIN
    UPDATE user SET status = "Approved" WHERE username = i_username;
END ;;
DELIMITER ;
/*!50003 SET sql_mode              = @saved_sql_mode */ ;
/*!50003 SET character_set_client  = @saved_cs_client */ ;
/*!50003 SET character_set_results = @saved_cs_results */ ;
/*!50003 SET collation_connection  = @saved_col_connection */ ;
/*!50003 DROP PROCEDURE IF EXISTS `admin_create_mov` */;
/*!50003 SET @saved_cs_client      = @@character_set_client */ ;
/*!50003 SET @saved_cs_results     = @@character_set_results */ ;
/*!50003 SET @saved_col_connection = @@collation_connection */ ;
/*!50003 SET character_set_client  = gbk */ ;
/*!50003 SET character_set_results = gbk */ ;
/*!50003 SET collation_connection  = gbk_chinese_ci */ ;
/*!50003 SET @saved_sql_mode       = @@sql_mode */ ;
/*!50003 SET sql_mode              = 'STRICT_TRANS_TABLES,NO_ENGINE_SUBSTITUTION' */ ;
DELIMITER ;;
CREATE DEFINER=`root`@`localhost` PROCEDURE `admin_create_mov`(IN  i_movName VARCHAR (50), IN i_movDuration INT, IN i_movReleaseDate DATE)
BEGIN
INSERT INTO movie (movName, duration, movReleaseDate) VALUES (i_movName, i_movDuration, i_movReleaseDate);
END ;;
DELIMITER ;
/*!50003 SET sql_mode              = @saved_sql_mode */ ;
/*!50003 SET character_set_client  = @saved_cs_client */ ;
/*!50003 SET character_set_results = @saved_cs_results */ ;
/*!50003 SET collation_connection  = @saved_col_connection */ ;
/*!50003 DROP PROCEDURE IF EXISTS `admin_create_theater` */;
/*!50003 SET @saved_cs_client      = @@character_set_client */ ;
/*!50003 SET @saved_cs_results     = @@character_set_results */ ;
/*!50003 SET @saved_col_connection = @@collation_connection */ ;
/*!50003 SET character_set_client  = gbk */ ;
/*!50003 SET character_set_results = gbk */ ;
/*!50003 SET collation_connection  = gbk_chinese_ci */ ;
/*!50003 SET @saved_sql_mode       = @@sql_mode */ ;
/*!50003 SET sql_mode              = 'STRICT_TRANS_TABLES,NO_ENGINE_SUBSTITUTION' */ ;
DELIMITER ;;
CREATE DEFINER=`root`@`localhost` PROCEDURE `admin_create_theater`(IN i_thName VARCHAR(50), IN i_comName VARCHAR(50), IN i_thStreet VARCHAR(50), IN i_thCity VARCHAR(50), i_thState CHAR(3), i_thZipcode CHAR(5), i_capacity INT, i_managerUsername VARCHAR(50))
BEGIN
INSERT INTO theater (thName, comName, thStreet, thCity, thState, thZipcode, capacity, manUsername) VALUES  (i_thName, i_comName, i_thStreet, i_thCity, i_thState, i_thZipcode, i_capacity, i_managerUsername);
END ;;
DELIMITER ;
/*!50003 SET sql_mode              = @saved_sql_mode */ ;
/*!50003 SET character_set_client  = @saved_cs_client */ ;
/*!50003 SET character_set_results = @saved_cs_results */ ;
/*!50003 SET collation_connection  = @saved_col_connection */ ;
/*!50003 DROP PROCEDURE IF EXISTS `admin_decline_user` */;
/*!50003 SET @saved_cs_client      = @@character_set_client */ ;
/*!50003 SET @saved_cs_results     = @@character_set_results */ ;
/*!50003 SET @saved_col_connection = @@collation_connection */ ;
/*!50003 SET character_set_client  = gbk */ ;
/*!50003 SET character_set_results = gbk */ ;
/*!50003 SET collation_connection  = gbk_chinese_ci */ ;
/*!50003 SET @saved_sql_mode       = @@sql_mode */ ;
/*!50003 SET sql_mode              = 'STRICT_TRANS_TABLES,NO_ENGINE_SUBSTITUTION' */ ;
DELIMITER ;;
CREATE DEFINER=`root`@`localhost` PROCEDURE `admin_decline_user`(IN i_username VARCHAR(50))
BEGIN
    UPDATE user SET status = "Declined" WHERE username = i_username AND status != "Approved";
END ;;
DELIMITER ;
/*!50003 SET sql_mode              = @saved_sql_mode */ ;
/*!50003 SET character_set_client  = @saved_cs_client */ ;
/*!50003 SET character_set_results = @saved_cs_results */ ;
/*!50003 SET collation_connection  = @saved_col_connection */ ;
/*!50003 DROP PROCEDURE IF EXISTS `admin_filter_company` */;
/*!50003 SET @saved_cs_client      = @@character_set_client */ ;
/*!50003 SET @saved_cs_results     = @@character_set_results */ ;
/*!50003 SET @saved_col_connection = @@collation_connection */ ;
/*!50003 SET character_set_client  = gbk */ ;
/*!50003 SET character_set_results = gbk */ ;
/*!50003 SET collation_connection  = gbk_chinese_ci */ ;
/*!50003 SET @saved_sql_mode       = @@sql_mode */ ;
/*!50003 SET sql_mode              = 'STRICT_TRANS_TABLES,NO_ENGINE_SUBSTITUTION' */ ;
DELIMITER ;;
CREATE DEFINER=`root`@`localhost` PROCEDURE `admin_filter_company`(IN i_comName VARCHAR(50), IN i_minCity INT,
    IN i_maxCity INT, IN i_minTheater INT, IN i_maxTheater INT, IN i_minEmployee INT,
    IN i_maxEmployee INT, IN i_sortBy ENUM("comName", "numCityCover", "numTheater", "numEmployee", ""),
    IN i_sortDirection ENUM("ASC", "DESC", ""))
BEGIN
IF i_sortBy IS NULL OR i_sortBy = "" THEN SET i_sortBy = "comName"; END IF;
    IF i_sortDirection IS NULL OR i_sortDirection = "" THEN SET i_sortDirection = "DESC"; END IF;
DROP TABLE IF EXISTS AdFilterCom;
CREATE TABLE AdFilterCom
SELECT * FROM (SELECT comName,
(SELECT COUNT(DISTINCT thCity) FROM theater WHERE comName = company.comName) AS numCityCover,
(SELECT COUNT(thName) FROM theater WHERE comName = company.comName) AS numTheater,
(SELECT COUNT(username) FROM Manager WHERE comName = company.comName) AS numEmployee FROM company) AS com
WHERE CASE WHEN i_minCity IS NOT NULL THEN numCityCover >= i_minCity ELSE TRUE END
    AND CASE WHEN i_maxCity IS NOT NULL THEN numCityCover <= i_maxCity ELSE TRUE END
AND CASE WHEN i_minTheater IS NOT NULL THEN numTheater >= i_minTheater ELSE TRUE END
AND CASE WHEN i_maxTheater IS NOT NULL THEN numTheater <= i_maxTheater ELSE TRUE END
AND CASE WHEN i_minEmployee IS NOT NULL THEN numEmployee >= i_minEmployee ELSE TRUE END
AND CASE WHEN i_maxEmployee IS NOT NULL THEN numEmployee <= i_maxEmployee ELSE TRUE END
AND CASE WHEN i_comName IS NOT NULL AND i_comName != "" AND i_comName != "ALL" THEN comName = i_comName ELSE TRUE END
ORDER BY CASE WHEN i_sortDirection = "ASC" THEN CASE
WHEN i_sortBy = "comName" THEN comName
WHEN i_sortBy = "numCityCover" THEN numCityCover
WHEN i_sortBy = "numTheater" THEN numTheater
WHEN i_sortBy = "numEmployee" THEN numEmployee END END ASC,
CASE WHEN i_sortDirection = "DESC" THEN CASE
WHEN i_sortBy = "comName" THEN comName
WHEN i_sortBy = "numCityCover" THEN numCityCover
WHEN i_sortBy = "numTheater" THEN numTheater
WHEN i_sortBy = "numEmployee" THEN numEmployee END
END DESC;
END ;;
DELIMITER ;
/*!50003 SET sql_mode              = @saved_sql_mode */ ;
/*!50003 SET character_set_client  = @saved_cs_client */ ;
/*!50003 SET character_set_results = @saved_cs_results */ ;
/*!50003 SET collation_connection  = @saved_col_connection */ ;
/*!50003 DROP PROCEDURE IF EXISTS `admin_filter_user` */;
/*!50003 SET @saved_cs_client      = @@character_set_client */ ;
/*!50003 SET @saved_cs_results     = @@character_set_results */ ;
/*!50003 SET @saved_col_connection = @@collation_connection */ ;
/*!50003 SET character_set_client  = gbk */ ;
/*!50003 SET character_set_results = gbk */ ;
/*!50003 SET collation_connection  = gbk_chinese_ci */ ;
/*!50003 SET @saved_sql_mode       = @@sql_mode */ ;
/*!50003 SET sql_mode              = 'STRICT_TRANS_TABLES,NO_ENGINE_SUBSTITUTION' */ ;
DELIMITER ;;
CREATE DEFINER=`root`@`localhost` PROCEDURE `admin_filter_user`(IN i_username VARCHAR(50),
    IN i_status ENUM("Approved", "Pending", "Declined", "ALL"),
    IN i_sortBy ENUM("username", "creditCardCount", "userType", "status", ""),
    IN i_sortDirection ENUM("ASC", "DESC", ""))
BEGIN
    IF i_sortBy IS NULL OR i_sortBy = "" THEN SET i_sortBy = "username"; END IF;
    IF i_sortDirection IS NULL OR i_sortDirection = "" THEN SET i_sortDirection = "DESC"; END IF;
    DROP TABLE IF EXISTS AdFilterUser;
    CREATE TABLE AdFilterUser
        SELECT username, (SELECT COUNT(creditCardNum)
            FROM customerCreditCard WHERE username = user.username) AS creditCardCount,
        case when username in (select username from customer natural join manager) then "CustomerManager"
            when username in (select * from admin natural join customer) then "CustomerAdmin"
            when username in (select * from customer) then "Customer"
            when username in (select * from admin) then "Admin"
            when username in (select username from manager) then "Manager" else "User" end as userType,
        status FROM user
        WHERE CASE WHEN i_username IS NOT NULL and i_username != "" THEN username = i_username ELSE TRUE END
        AND CASE WHEN i_status != "ALL" AND i_status != "" THEN status = i_status ELSE TRUE END
        ORDER BY CASE WHEN i_sortDirection = "ASC" THEN CASE
            WHEN i_sortBy = "username" THEN username
            WHEN i_sortBy = "creditCardCount" THEN creditCardCount
            WHEN i_sortBy = "userType" THEN userType
            WHEN i_sortBy = "status" THEN status END END ASC,
        CASE WHEN i_sortDirection = "DESC" THEN CASE
            WHEN i_sortBy = "username" THEN username
            WHEN i_sortBy = "creditCardCount" THEN creditCardCount
            WHEN i_sortBy = "userType" THEN userType
            WHEN i_sortBy = "status" THEN status END END DESC;
END ;;
DELIMITER ;
/*!50003 SET sql_mode              = @saved_sql_mode */ ;
/*!50003 SET character_set_client  = @saved_cs_client */ ;
/*!50003 SET character_set_results = @saved_cs_results */ ;
/*!50003 SET collation_connection  = @saved_col_connection */ ;
/*!50003 DROP PROCEDURE IF EXISTS `admin_view_comDetail_emp` */;
/*!50003 SET @saved_cs_client      = @@character_set_client */ ;
/*!50003 SET @saved_cs_results     = @@character_set_results */ ;
/*!50003 SET @saved_col_connection = @@collation_connection */ ;
/*!50003 SET character_set_client  = gbk */ ;
/*!50003 SET character_set_results = gbk */ ;
/*!50003 SET collation_connection  = gbk_chinese_ci */ ;
/*!50003 SET @saved_sql_mode       = @@sql_mode */ ;
/*!50003 SET sql_mode              = 'STRICT_TRANS_TABLES,NO_ENGINE_SUBSTITUTION' */ ;
DELIMITER ;;
CREATE DEFINER=`root`@`localhost` PROCEDURE `admin_view_comDetail_emp`(IN i_comName  VARCHAR (50))
BEGIN
     DROP TABLE IF EXISTS AdComDetailEmp;
     CREATE TABLE AdComDetailEmp
SELECT user.firstname AS empFirstname, user.lastname AS empLastname FROM manager JOIN user ON manager.username = user.username WHERE comName = i_comName;
END ;;
DELIMITER ;
/*!50003 SET sql_mode              = @saved_sql_mode */ ;
/*!50003 SET character_set_client  = @saved_cs_client */ ;
/*!50003 SET character_set_results = @saved_cs_results */ ;
/*!50003 SET collation_connection  = @saved_col_connection */ ;
/*!50003 DROP PROCEDURE IF EXISTS `admin_view_comDetail_th` */;
/*!50003 SET @saved_cs_client      = @@character_set_client */ ;
/*!50003 SET @saved_cs_results     = @@character_set_results */ ;
/*!50003 SET @saved_col_connection = @@collation_connection */ ;
/*!50003 SET character_set_client  = gbk */ ;
/*!50003 SET character_set_results = gbk */ ;
/*!50003 SET collation_connection  = gbk_chinese_ci */ ;
/*!50003 SET @saved_sql_mode       = @@sql_mode */ ;
/*!50003 SET sql_mode              = 'STRICT_TRANS_TABLES,NO_ENGINE_SUBSTITUTION' */ ;
DELIMITER ;;
CREATE DEFINER=`root`@`localhost` PROCEDURE `admin_view_comDetail_th`(IN i_comName VARCHAR (50))
BEGIN
     DROP TABLE IF EXISTS AdComDetailTh;
     CREATE TABLE AdComDetailTh
SELECT theater.thName, user.username AS thManagerUsername, theater.thCity, theater.thState, theater.capacity AS thCapacity FROM theater JOIN manager ON theater.manUsername = manager.username JOIN user ON manager.username = user.username WHERE theater.comName = i_comName;
END ;;
DELIMITER ;
/*!50003 SET sql_mode              = @saved_sql_mode */ ;
/*!50003 SET character_set_client  = @saved_cs_client */ ;
/*!50003 SET character_set_results = @saved_cs_results */ ;
/*!50003 SET collation_connection  = @saved_col_connection */ ;
/*!50003 DROP PROCEDURE IF EXISTS `customer_add_creditcard` */;
/*!50003 SET @saved_cs_client      = @@character_set_client */ ;
/*!50003 SET @saved_cs_results     = @@character_set_results */ ;
/*!50003 SET @saved_col_connection = @@collation_connection */ ;
/*!50003 SET character_set_client  = gbk */ ;
/*!50003 SET character_set_results = gbk */ ;
/*!50003 SET collation_connection  = gbk_chinese_ci */ ;
/*!50003 SET @saved_sql_mode       = @@sql_mode */ ;
/*!50003 SET sql_mode              = 'STRICT_TRANS_TABLES,NO_ENGINE_SUBSTITUTION' */ ;
DELIMITER ;;
CREATE DEFINER=`root`@`localhost` PROCEDURE `customer_add_creditcard`(IN i_username VARCHAR(50), IN i_creditCardNum CHAR(16))
BEGIN
    INSERT INTO customerCreditCard VALUES (i_creditCardNum, i_username);
END ;;
DELIMITER ;
/*!50003 SET sql_mode              = @saved_sql_mode */ ;
/*!50003 SET character_set_client  = @saved_cs_client */ ;
/*!50003 SET character_set_results = @saved_cs_results */ ;
/*!50003 SET collation_connection  = @saved_col_connection */ ;
/*!50003 DROP PROCEDURE IF EXISTS `customer_filter_mov` */;
/*!50003 SET @saved_cs_client      = @@character_set_client */ ;
/*!50003 SET @saved_cs_results     = @@character_set_results */ ;
/*!50003 SET @saved_col_connection = @@collation_connection */ ;
/*!50003 SET character_set_client  = gbk */ ;
/*!50003 SET character_set_results = gbk */ ;
/*!50003 SET collation_connection  = gbk_chinese_ci */ ;
/*!50003 SET @saved_sql_mode       = @@sql_mode */ ;
/*!50003 SET sql_mode              = 'STRICT_TRANS_TABLES,NO_ENGINE_SUBSTITUTION' */ ;
DELIMITER ;;
CREATE DEFINER=`root`@`localhost` PROCEDURE `customer_filter_mov`(IN i_movName VARCHAR(50), IN i_comName VARCHAR(50), IN i_city VARCHAR(50), IN i_state VARCHAR(50), IN i_minMovPlayDate Date, IN i_maxMovPlayDate Date)
BEGIN
DROP TABLE IF EXISTS CosFilterMovie;
CREATE TABLE CosFilterMovie
SELECT movName, thName, thStreet, thCity, thState, thZipcode, comName, movPlayDate, movReleaseDate
FROM Theater NATURAL JOIN MoviePlay
WHERE
                   (i_movName IS NULL OR i_movName = "ALL" OR i_movName = "" OR movName = i_movName) AND
                   (i_comName IS NULL OR i_comName = "ALL" OR i_comName = "" OR comName = i_comName) AND
                   (i_city IS NULL OR i_city = "" OR thCity = i_city) AND
                   (i_state IS NULL OR i_state = "ALL" OR i_state = "" OR thState = i_state) AND
                   (i_minMovPlayDate IS NULL OR movPlayDate >= i_minMovPlayDate) AND
                   (i_maxMovPlayDate IS NULL OR movPlayDate <= i_maxMovPlayDate);
END ;;
DELIMITER ;
/*!50003 SET sql_mode              = @saved_sql_mode */ ;
/*!50003 SET character_set_client  = @saved_cs_client */ ;
/*!50003 SET character_set_results = @saved_cs_results */ ;
/*!50003 SET collation_connection  = @saved_col_connection */ ;
/*!50003 DROP PROCEDURE IF EXISTS `customer_only_register` */;
/*!50003 SET @saved_cs_client      = @@character_set_client */ ;
/*!50003 SET @saved_cs_results     = @@character_set_results */ ;
/*!50003 SET @saved_col_connection = @@collation_connection */ ;
/*!50003 SET character_set_client  = gbk */ ;
/*!50003 SET character_set_results = gbk */ ;
/*!50003 SET collation_connection  = gbk_chinese_ci */ ;
/*!50003 SET @saved_sql_mode       = @@sql_mode */ ;
/*!50003 SET sql_mode              = 'STRICT_TRANS_TABLES,NO_ENGINE_SUBSTITUTION' */ ;
DELIMITER ;;
CREATE DEFINER=`root`@`localhost` PROCEDURE `customer_only_register`(IN i_username VARCHAR(50),
    IN i_password VARCHAR(50), IN i_firstname VARCHAR(50), IN i_lastname VARCHAR(50))
BEGIN
    INSERT INTO user (username, password, firstname, lastname)
    VALUES (i_username, MD5(i_password), i_firstname, i_lastname);
    INSERT INTO customer VALUES (i_username);
END ;;
DELIMITER ;
/*!50003 SET sql_mode              = @saved_sql_mode */ ;
/*!50003 SET character_set_client  = @saved_cs_client */ ;
/*!50003 SET character_set_results = @saved_cs_results */ ;
/*!50003 SET collation_connection  = @saved_col_connection */ ;
/*!50003 DROP PROCEDURE IF EXISTS `customer_view_history` */;
/*!50003 SET @saved_cs_client      = @@character_set_client */ ;
/*!50003 SET @saved_cs_results     = @@character_set_results */ ;
/*!50003 SET @saved_col_connection = @@collation_connection */ ;
/*!50003 SET character_set_client  = gbk */ ;
/*!50003 SET character_set_results = gbk */ ;
/*!50003 SET collation_connection  = gbk_chinese_ci */ ;
/*!50003 SET @saved_sql_mode       = @@sql_mode */ ;
/*!50003 SET sql_mode              = 'STRICT_TRANS_TABLES,NO_ENGINE_SUBSTITUTION' */ ;
DELIMITER ;;
CREATE DEFINER=`root`@`localhost` PROCEDURE `customer_view_history`(IN i_cusUsername  VARCHAR(50))
BEGIN
    DROP TABLE IF EXISTS CosViewHistory;
    CREATE TABLE CosViewHistory
    SELECT movName, thName, comName, creditCardNum, movPlayDate
        FROM customerViewMovie
        NATURAL JOIN customerCreditCard
        WHERE (username = i_cusUsername);
END ;;
DELIMITER ;
/*!50003 SET sql_mode              = @saved_sql_mode */ ;
/*!50003 SET character_set_client  = @saved_cs_client */ ;
/*!50003 SET character_set_results = @saved_cs_results */ ;
/*!50003 SET collation_connection  = @saved_col_connection */ ;
/*!50003 DROP PROCEDURE IF EXISTS `customer_view_mov` */;
/*!50003 SET @saved_cs_client      = @@character_set_client */ ;
/*!50003 SET @saved_cs_results     = @@character_set_results */ ;
/*!50003 SET @saved_col_connection = @@collation_connection */ ;
/*!50003 SET character_set_client  = gbk */ ;
/*!50003 SET character_set_results = gbk */ ;
/*!50003 SET collation_connection  = gbk_chinese_ci */ ;
/*!50003 SET @saved_sql_mode       = @@sql_mode */ ;
/*!50003 SET sql_mode              = 'STRICT_TRANS_TABLES,NO_ENGINE_SUBSTITUTION' */ ;
DELIMITER ;;
CREATE DEFINER=`root`@`localhost` PROCEDURE `customer_view_mov`(IN i_creditCardNum CHAR(16), IN i_movName VARCHAR(50), IN i_movReleaseDate Date, IN i_thName VARCHAR(50), IN i_comName VARCHAR(50), IN i_movPlayDate Date)
BEGIN
        INSERT INTO CustomerViewMovie (creditCardNum, thName, comName, movName, movReleaseDate, movPlayDate)
        VALUES (i_creditCardNum, i_thName, i_comName, i_movName, i_movReleaseDate, i_movPlayDate);
END ;;
DELIMITER ;
/*!50003 SET sql_mode              = @saved_sql_mode */ ;
/*!50003 SET character_set_client  = @saved_cs_client */ ;
/*!50003 SET character_set_results = @saved_cs_results */ ;
/*!50003 SET collation_connection  = @saved_col_connection */ ;
/*!50003 DROP PROCEDURE IF EXISTS `manager_customer_add_creditcard` */;
/*!50003 SET @saved_cs_client      = @@character_set_client */ ;
/*!50003 SET @saved_cs_results     = @@character_set_results */ ;
/*!50003 SET @saved_col_connection = @@collation_connection */ ;
/*!50003 SET character_set_client  = gbk */ ;
/*!50003 SET character_set_results = gbk */ ;
/*!50003 SET collation_connection  = gbk_chinese_ci */ ;
/*!50003 SET @saved_sql_mode       = @@sql_mode */ ;
/*!50003 SET sql_mode              = 'STRICT_TRANS_TABLES,NO_ENGINE_SUBSTITUTION' */ ;
DELIMITER ;;
CREATE DEFINER=`root`@`localhost` PROCEDURE `manager_customer_add_creditcard`(IN i_username VARCHAR(50), IN i_creditCardNum CHAR(16))
BEGIN
    INSERT INTO customerCreditCard VALUES (i_creditCardNum, i_username);
END ;;
DELIMITER ;
/*!50003 SET sql_mode              = @saved_sql_mode */ ;
/*!50003 SET character_set_client  = @saved_cs_client */ ;
/*!50003 SET character_set_results = @saved_cs_results */ ;
/*!50003 SET collation_connection  = @saved_col_connection */ ;
/*!50003 DROP PROCEDURE IF EXISTS `manager_customer_register` */;
/*!50003 SET @saved_cs_client      = @@character_set_client */ ;
/*!50003 SET @saved_cs_results     = @@character_set_results */ ;
/*!50003 SET @saved_col_connection = @@collation_connection */ ;
/*!50003 SET character_set_client  = gbk */ ;
/*!50003 SET character_set_results = gbk */ ;
/*!50003 SET collation_connection  = gbk_chinese_ci */ ;
/*!50003 SET @saved_sql_mode       = @@sql_mode */ ;
/*!50003 SET sql_mode              = 'STRICT_TRANS_TABLES,NO_ENGINE_SUBSTITUTION' */ ;
DELIMITER ;;
CREATE DEFINER=`root`@`localhost` PROCEDURE `manager_customer_register`(IN i_username VARCHAR(50),
    IN i_password VARCHAR(50), IN i_firstname VARCHAR(50), IN i_lastname VARCHAR(50),
    IN i_comName VARCHAR(50), IN i_manStreet VARCHAR(50), IN i_manCity VARCHAR(50),
    IN i_manState CHAR(3), IN i_manZipcode CHAR(5))
BEGIN
    IF NOT EXISTS (SELECT * FROM manager WHERE manStreet = i_manStreet
        AND manCity = i_manCity AND manState = i_manState AND manZipcode = i_manZipcode)
    THEN
        INSERT INTO user (username, password, firstname, lastname)
        VALUES (i_username, MD5(i_password), i_firstname, i_lastname);
        INSERT INTO employee VALUES (i_username);
        INSERT INTO manager VALUES (i_username, i_comName, i_manStreet, i_manCity, i_manState, i_manZipcode);
        INSERT INTO customer VALUES (i_username);
    END IF;
END ;;
DELIMITER ;
/*!50003 SET sql_mode              = @saved_sql_mode */ ;
/*!50003 SET character_set_client  = @saved_cs_client */ ;
/*!50003 SET character_set_results = @saved_cs_results */ ;
/*!50003 SET collation_connection  = @saved_col_connection */ ;
/*!50003 DROP PROCEDURE IF EXISTS `manager_filter_th` */;
/*!50003 SET @saved_cs_client      = @@character_set_client */ ;
/*!50003 SET @saved_cs_results     = @@character_set_results */ ;
/*!50003 SET @saved_col_connection = @@collation_connection */ ;
/*!50003 SET character_set_client  = gbk */ ;
/*!50003 SET character_set_results = gbk */ ;
/*!50003 SET collation_connection  = gbk_chinese_ci */ ;
/*!50003 SET @saved_sql_mode       = @@sql_mode */ ;
/*!50003 SET sql_mode              = 'STRICT_TRANS_TABLES,NO_ENGINE_SUBSTITUTION' */ ;
DELIMITER ;;
CREATE DEFINER=`root`@`localhost` PROCEDURE `manager_filter_th`(IN i_manUsername VARCHAR(50), IN i_movName VARCHAR(50), IN i_minMovDuration INT, IN i_maxMovDuration INT, IN i_minMovReleaseDate Date, IN i_maxMovReleaseDate Date, IN i_minMovPlayDate Date, IN i_maxMovPlayDate Date, IN i_includeNotPlayed BOOLEAN)
BEGIN
DROP TABLE IF EXISTS ManFilterTh;
CREATE TABLE ManFilterTh
select movie.movName, duration AS movDuration, movie.movReleaseDate, movPlayDate FROM movie LEFT OUTER JOIN (select * FROM movieplay NATURAL JOIN theater WHERE manUsername = i_manUsername) AS one ON movie.movName = one.movName WHERE
(i_movName IS NULL OR i_movName = "" OR movie.movName LIKE CONCAT('%' , i_movName, '%')) AND
(i_minMovDuration IS NULL OR duration >= i_minMovDuration) AND
(i_maxMovDuration IS NULL OR duration <= i_maxMovDuration) AND
(i_minMovReleaseDate IS NULL OR movie.movReleaseDate >= i_minMovReleaseDate) AND
(i_maxMovReleaseDate IS NULL OR movie.movReleaseDate <= i_maxMovReleaseDate) AND
(i_minMovPlayDate IS NULL OR movPlayDate >= i_minMovPlayDate) AND
(i_maxMovPlayDate IS NULL OR movPlayDate <= i_maxMovPlayDate) AND
                       (CASE WHEN i_includeNotPlayed IS TRUE THEN movPlayDate IS NULL ELSE TRUE END);
END ;;
DELIMITER ;
/*!50003 SET sql_mode              = @saved_sql_mode */ ;
/*!50003 SET character_set_client  = @saved_cs_client */ ;
/*!50003 SET character_set_results = @saved_cs_results */ ;
/*!50003 SET collation_connection  = @saved_col_connection */ ;
/*!50003 DROP PROCEDURE IF EXISTS `manager_only_register` */;
/*!50003 SET @saved_cs_client      = @@character_set_client */ ;
/*!50003 SET @saved_cs_results     = @@character_set_results */ ;
/*!50003 SET @saved_col_connection = @@collation_connection */ ;
/*!50003 SET character_set_client  = gbk */ ;
/*!50003 SET character_set_results = gbk */ ;
/*!50003 SET collation_connection  = gbk_chinese_ci */ ;
/*!50003 SET @saved_sql_mode       = @@sql_mode */ ;
/*!50003 SET sql_mode              = 'STRICT_TRANS_TABLES,NO_ENGINE_SUBSTITUTION' */ ;
DELIMITER ;;
CREATE DEFINER=`root`@`localhost` PROCEDURE `manager_only_register`(IN i_username VARCHAR(50),
    IN i_password VARCHAR(50), IN i_firstname VARCHAR(50), IN i_lastname VARCHAR(50),
    IN i_comName VARCHAR(50), IN i_manStreet VARCHAR(50), IN i_manCity VARCHAR(50),
    IN i_manState CHAR(3), IN i_manZipcode CHAR(5))
BEGIN
    IF NOT EXISTS (SELECT * FROM manager WHERE manStreet = i_manStreet
        AND manCity = i_manCity AND manState = i_manState
        AND manZipcode = i_manZipcode)
    THEN
        INSERT INTO user (username, password, firstname, lastname)
        VALUES (i_username, MD5(i_password), i_firstname, i_lastname);
        INSERT INTO employee VALUES (i_username);
        INSERT INTO manager VALUES (i_username, i_comName, i_manStreet,
            i_manCity, i_manState, i_manZipcode);
    END IF;
END ;;
DELIMITER ;
/*!50003 SET sql_mode              = @saved_sql_mode */ ;
/*!50003 SET character_set_client  = @saved_cs_client */ ;
/*!50003 SET character_set_results = @saved_cs_results */ ;
/*!50003 SET collation_connection  = @saved_col_connection */ ;
/*!50003 DROP PROCEDURE IF EXISTS `manager_schedule_mov` */;
/*!50003 SET @saved_cs_client      = @@character_set_client */ ;
/*!50003 SET @saved_cs_results     = @@character_set_results */ ;
/*!50003 SET @saved_col_connection = @@collation_connection */ ;
/*!50003 SET character_set_client  = gbk */ ;
/*!50003 SET character_set_results = gbk */ ;
/*!50003 SET collation_connection  = gbk_chinese_ci */ ;
/*!50003 SET @saved_sql_mode       = @@sql_mode */ ;
/*!50003 SET sql_mode              = 'STRICT_TRANS_TABLES,NO_ENGINE_SUBSTITUTION' */ ;
DELIMITER ;;
CREATE DEFINER=`root`@`localhost` PROCEDURE `manager_schedule_mov`(IN i_manUsername VARCHAR(50), i_movName VARCHAR(50), i_movReleaseDate DATE, i_movPlayDate DATE)
BEGIN
    INSERT INTO movieplay(thName, comName, movName, movReleaseDate, movPlayDate)
    SELECT thName, comName, i_movName, i_movReleaseDate, i_movPlayDate
    from theater where manUsername = i_manUsername;
END ;;
DELIMITER ;
/*!50003 SET sql_mode              = @saved_sql_mode */ ;
/*!50003 SET character_set_client  = @saved_cs_client */ ;
/*!50003 SET character_set_results = @saved_cs_results */ ;
/*!50003 SET collation_connection  = @saved_col_connection */ ;
/*!50003 DROP PROCEDURE IF EXISTS `user_filter_th` */;
/*!50003 SET @saved_cs_client      = @@character_set_client */ ;
/*!50003 SET @saved_cs_results     = @@character_set_results */ ;
/*!50003 SET @saved_col_connection = @@collation_connection */ ;
/*!50003 SET character_set_client  = gbk */ ;
/*!50003 SET character_set_results = gbk */ ;
/*!50003 SET collation_connection  = gbk_chinese_ci */ ;
/*!50003 SET @saved_sql_mode       = @@sql_mode */ ;
/*!50003 SET sql_mode              = 'STRICT_TRANS_TABLES,NO_ENGINE_SUBSTITUTION' */ ;
DELIMITER ;;
CREATE DEFINER=`root`@`localhost` PROCEDURE `user_filter_th`(IN i_thName VARCHAR(50), IN i_comName VARCHAR(50), IN i_city VARCHAR(50), IN i_state VARCHAR(3))
BEGIN
    DROP TABLE IF EXISTS UserFilterTh;
    CREATE TABLE UserFilterTh
    SELECT thName, thStreet, thCity, thState, thZipcode, comName
    FROM Theater
    WHERE
        (i_thName = "ALL" OR thName = i_thName) AND
        (i_comName = "ALL" OR comName = i_comName) AND
        (i_city = "" OR thCity = i_city) AND
        (i_state = "" OR i_state = "ALL" OR thState = i_state);
END ;;
DELIMITER ;
/*!50003 SET sql_mode              = @saved_sql_mode */ ;
/*!50003 SET character_set_client  = @saved_cs_client */ ;
/*!50003 SET character_set_results = @saved_cs_results */ ;
/*!50003 SET collation_connection  = @saved_col_connection */ ;
/*!50003 DROP PROCEDURE IF EXISTS `user_filter_visitHistory` */;
/*!50003 SET @saved_cs_client      = @@character_set_client */ ;
/*!50003 SET @saved_cs_results     = @@character_set_results */ ;
/*!50003 SET @saved_col_connection = @@collation_connection */ ;
/*!50003 SET character_set_client  = gbk */ ;
/*!50003 SET character_set_results = gbk */ ;
/*!50003 SET collation_connection  = gbk_chinese_ci */ ;
/*!50003 SET @saved_sql_mode       = @@sql_mode */ ;
/*!50003 SET sql_mode              = 'STRICT_TRANS_TABLES,NO_ENGINE_SUBSTITUTION' */ ;
DELIMITER ;;
CREATE DEFINER=`root`@`localhost` PROCEDURE `user_filter_visitHistory`(IN i_username VARCHAR(50), IN i_minVisitDate DATE, IN i_maxVisitDate DATE)
BEGIN
    DROP TABLE IF EXISTS UserVisitHistory;
    CREATE TABLE UserVisitHistory
    SELECT thName, thStreet, thCity, thState, thZipcode, comName, visitDate
    FROM UserVisitTheater
        NATURAL JOIN
        Theater
    WHERE
        (username = i_username) AND
        (i_minVisitDate IS NULL OR visitDate >= i_minVisitDate) AND
        (i_maxVisitDate IS NULL OR visitDate <= i_maxVisitDate);
END ;;
DELIMITER ;
/*!50003 SET sql_mode              = @saved_sql_mode */ ;
/*!50003 SET character_set_client  = @saved_cs_client */ ;
/*!50003 SET character_set_results = @saved_cs_results */ ;
/*!50003 SET collation_connection  = @saved_col_connection */ ;
/*!50003 DROP PROCEDURE IF EXISTS `user_login` */;
/*!50003 SET @saved_cs_client      = @@character_set_client */ ;
/*!50003 SET @saved_cs_results     = @@character_set_results */ ;
/*!50003 SET @saved_col_connection = @@collation_connection */ ;
/*!50003 SET character_set_client  = gbk */ ;
/*!50003 SET character_set_results = gbk */ ;
/*!50003 SET collation_connection  = gbk_chinese_ci */ ;
/*!50003 SET @saved_sql_mode       = @@sql_mode */ ;
/*!50003 SET sql_mode              = 'STRICT_TRANS_TABLES,NO_ENGINE_SUBSTITUTION' */ ;
DELIMITER ;;
CREATE DEFINER=`root`@`localhost` PROCEDURE `user_login`(IN i_username VARCHAR(50), IN i_password VARCHAR(50))
BEGIN
    DROP TABLE IF EXISTS UserLogin;
    CREATE TABLE UserLogin
        SELECT username, status,
        CASE WHEN username IN (SELECT * FROM customer) THEN 1 ELSE 0 END AS isCustomer,
        CASE WHEN username IN (SELECT * FROM admin) THEN 1 ELSE 0 END AS isAdmin,
        CASE WHEN username IN (SELECT username FROM manager) THEN 1 ELSE 0 END AS isManager
        FROM user WHERE username = i_username AND password = MD5(i_password);
END ;;
DELIMITER ;
/*!50003 SET sql_mode              = @saved_sql_mode */ ;
/*!50003 SET character_set_client  = @saved_cs_client */ ;
/*!50003 SET character_set_results = @saved_cs_results */ ;
/*!50003 SET collation_connection  = @saved_col_connection */ ;
/*!50003 DROP PROCEDURE IF EXISTS `user_register` */;
/*!50003 SET @saved_cs_client      = @@character_set_client */ ;
/*!50003 SET @saved_cs_results     = @@character_set_results */ ;
/*!50003 SET @saved_col_connection = @@collation_connection */ ;
/*!50003 SET character_set_client  = gbk */ ;
/*!50003 SET character_set_results = gbk */ ;
/*!50003 SET collation_connection  = gbk_chinese_ci */ ;
/*!50003 SET @saved_sql_mode       = @@sql_mode */ ;
/*!50003 SET sql_mode              = 'STRICT_TRANS_TABLES,NO_ENGINE_SUBSTITUTION' */ ;
DELIMITER ;;
CREATE DEFINER=`root`@`localhost` PROCEDURE `user_register`(IN i_username VARCHAR(50), IN i_password VARCHAR(50),
    IN i_firstname VARCHAR(50), IN i_lastname VARCHAR(50))
BEGIN
    INSERT INTO user (username, password, firstname, lastname)
    VALUES (i_username, MD5(i_password), i_firstname, i_lastname);
END ;;
DELIMITER ;
/*!50003 SET sql_mode              = @saved_sql_mode */ ;
/*!50003 SET character_set_client  = @saved_cs_client */ ;
/*!50003 SET character_set_results = @saved_cs_results */ ;
/*!50003 SET collation_connection  = @saved_col_connection */ ;
/*!50003 DROP PROCEDURE IF EXISTS `user_visit_th` */;
/*!50003 SET @saved_cs_client      = @@character_set_client */ ;
/*!50003 SET @saved_cs_results     = @@character_set_results */ ;
/*!50003 SET @saved_col_connection = @@collation_connection */ ;
/*!50003 SET character_set_client  = gbk */ ;
/*!50003 SET character_set_results = gbk */ ;
/*!50003 SET collation_connection  = gbk_chinese_ci */ ;
/*!50003 SET @saved_sql_mode       = @@sql_mode */ ;
/*!50003 SET sql_mode              = 'STRICT_TRANS_TABLES,NO_ENGINE_SUBSTITUTION' */ ;
DELIMITER ;;
CREATE DEFINER=`root`@`localhost` PROCEDURE `user_visit_th`(IN i_thName VARCHAR(50), IN i_comName VARCHAR(50), IN i_visitDate DATE, IN i_username VARCHAR(50))
BEGIN
    INSERT INTO UserVisitTheater (thName, comName, visitDate, username)
    VALUES (i_thName, i_comName, i_visitDate, i_username);
END ;;
DELIMITER ;
/*!50003 SET sql_mode              = @saved_sql_mode */ ;
/*!50003 SET character_set_client  = @saved_cs_client */ ;
/*!50003 SET character_set_results = @saved_cs_results */ ;
/*!50003 SET collation_connection  = @saved_col_connection */ ;
/*!40103 SET TIME_ZONE=@OLD_TIME_ZONE */;

/*!40101 SET SQL_MODE=@OLD_SQL_MODE */;
/*!40014 SET FOREIGN_KEY_CHECKS=@OLD_FOREIGN_KEY_CHECKS */;
/*!40014 SET UNIQUE_CHECKS=@OLD_UNIQUE_CHECKS */;
/*!40101 SET CHARACTER_SET_CLIENT=@OLD_CHARACTER_SET_CLIENT */;
/*!40101 SET CHARACTER_SET_RESULTS=@OLD_CHARACTER_SET_RESULTS */;
/*!40101 SET COLLATION_CONNECTION=@OLD_COLLATION_CONNECTION */;
/*!40111 SET SQL_NOTES=@OLD_SQL_NOTES */;

-- Dump completed on 2019-11-28 22:45:19
